file,surface_count,touch_count,max_nn_dist,mean_nn_dist,median_nn_dist,cov_0.005,cov_0.01,cov_0.02,cov_0.05
jar__03593526__1168c9e9db2c1c5066639e628d6519b6__models__model_normalized.npz,235000,1500000,0.5509693529628739,0.10272146850566576,0.01850578622300353,0.16308085106382977,0.34393617021276596,0.5268,0.6548127659574469
jar__03593526__117843347cde5b502b18a5129db1b7d0__models__model_normalized.npz,235000,1500000,0.1805835146988168,0.015765007128857204,0.00411039275144048,0.5772893617021276,0.7096893617021277,0.7688765957446808,0.8937489361702128
jar__03593526__1252b0fc818969ebca2ed12df13a916a__models__model_normalized.npz,235000,1500000,0.3823493333510821,0.0215495392560902,0.0038237303923380605,0.6125446808510638,0.7527276595744681,0.8066085106382979,0.8931234042553191
jar__03593526__12d643221a3edaa4ab361b6be63163da__models__model_normalized.npz,235000,1500000,0.2575344963017309,0.06030888971461303,0.04663015039474008,0.16602127659574467,0.2608340425531915,0.31049787234042553,0.6060382978723404
jar__03593526__12ec19e85b31e274725f67267e31c89__models__model_normalized.npz,235000,1500000,0.341707889132245,0.07096609716985727,0.05760932580361851,0.15624255319148936,0.2178595744680851,0.26090638297872343,0.3885531914893617
jar__03593526__133dc38c1316d9515dc3653f8341633a__models__model_normalized.npz,235000,1500000,0.3861302938899977,0.03713841397122789,0.026588374089046244,0.22022978723404255,0.372,0.43346808510638296,0.7917829787234043
jar__03593526__146f6702601f9c5d8bb41b82b15c6ac__models__model_normalized.npz,235000,1500000,0.2390894891331631,0.05013733245720211,0.04309710903126371,0.19219148936170213,0.34928936170212765,0.4206,0.5197872340425532
jar__03593526__14ac8d866a8ea8b398910e50f05b8001__models__model_normalized.npz,235000,1500000,0.21265318382142492,0.03028087724836538,0.028762169452515522,0.2610723404255319,0.3771829787234043,0.4223787234042553,0.8459531914893617
jar__03593526__151a80ff1ad2fe11c8c4893204f16cf__models__model_normalized.npz,235000,1500000,0.4781156723743332,0.07384943549164336,0.0467336683712253,0.27256170212765957,0.3357787234042553,0.38435744680851064,0.5125702127659575
jar__03593526__1654250bf1bc5a0131fef20bb2ae787e__models__model_normalized.npz,235000,1500000,0.21181584002390633,0.028843350876417387,0.019158498287695284,0.2922,0.41872765957446806,0.5163319148936171,0.8342170212765957
jar__03593526__1666ce5ced647ed25d878ba9ec3c0d6a__models__model_normalized.npz,235000,1500000,0.18794740557424988,0.02838690288019033,0.032916998196709915,0.25500425531914894,0.385468085106383,0.4341191489361702,0.8714936170212766
jar__03593526__166c3012a4b35768f51f77a6d7299806__models__model_normalized.npz,235000,1500000,0.131767221329848,0.015268605170813776,0.006678361970803467,0.4051446808510638,0.6378170212765958,0.7414851063829787,0.9384553191489362
jar__03593526__17bd8e7317498f21f0afc55e2266b11__models__model_normalized.npz,235000,1500000,0.5800452205043937,0.05425387756551712,0.014838444192383466,0.319536170212766,0.4654595744680851,0.5257191489361702,0.6513106382978724
jar__03593526__189996124312ea7430612f5c0ef21eb8__models__model_normalized.npz,235000,1500000,0.24442683625662112,0.04019455051949686,0.015470393033755157,0.3744723404255319,0.46302978723404253,0.5252765957446809,0.6819148936170213
jar__03593526__18b41cb029cf7f6c2b151d8b52c53b90__models__model_normalized.npz,235000,1500000,0.2588945152656148,0.025712710897698412,0.0062382643810865515,0.41277021276595743,0.6263617021276596,0.7013234042553191,0.8204212765957447
jar__03593526__198a821d967679684b3c42e318f3affc__models__model_normalized.npz,235000,1500000,0.20889696644735753,0.02073056241153016,0.005628335290742763,0.4473191489361702,0.6816978723404256,0.7569404255319149,0.8602212765957447
jar__03593526__19fb5ee10bc867a492ffc535cab01f7a__models__model_normalized.npz,235000,1500000,0.22467822689260733,0.027267434546704442,0.009267224132428389,0.25782978723404254,0.5384638297872341,0.6837489361702128,0.8155148936170212
jar__03593526__1a01c2d7705193b4917cb569753af492__models__model_normalized.npz,235000,1500000,0.22288341973319836,0.026102079333878755,0.006548396802956481,0.4432212765957447,0.5503957446808511,0.6185659574468085,0.7886085106382978
jar__03593526__1a1905d6da94d9c7561ca0447e446f39__models__model_normalized.npz,235000,1500000,0.6375228753665761,0.0947252241888793,0.0803389550715775,0.08619574468085106,0.17285957446808511,0.22822127659574468,0.3310723404255319
jar__03593526__1a619680edc5c461a95e4741ba1b4acf__models__model_normalized.npz,235000,1500000,0.28259152820506844,0.07037372967106054,0.04344619516337482,0.2108,0.3445446808510638,0.40780425531914893,0.5220170212765958
jar__03593526__1a7ba1f4c892e2da30711cdbdbc73924__models__model_normalized.npz,235000,1500000,0.5375751717777183,0.0728804362459726,0.03509191172155373,0.11034468085106383,0.1944936170212766,0.2478723404255319,0.5823787234042553
jar__03593526__1a8f9295b44b48895e8c5748ca5ef3ea__models__model_normalized.npz,235000,1500000,0.4654987849603426,0.034984199335583714,0.03213015510326656,0.253331914893617,0.3922595744680851,0.43979148936170215,0.8494085106382979
jar__03593526__1a9dade4e4a4c47589035c25f0dfeb63__models__model_normalized.npz,235000,1500000,0.181113570622728,0.029427675202310856,0.020824518717848677,0.273931914893617,0.35821702127659577,0.40981702127659575,0.8077489361702128
jar__03593526__1ae4ba2e963a82777cba7aa754e5342__models__model_normalized.npz,235000,1500000,0.17912230779589378,0.018308472365169456,0.005409097991824419,0.46641702127659573,0.6855659574468085,0.7663659574468085,0.869604255319149
jar__03593526__1c0a264dfbbf285cafe995003c9eaf93__models__model_normalized.npz,235000,1500000,0.1915078676892079,0.019996992924305994,0.004320531818807146,0.5487276595744681,0.6605191489361703,0.7222042553191489,0.8503914893617022
jar__03593526__1c17748268b02c1c8da95317eef6e82a__models__model_normalized.npz,235000,1500000,0.3261160964653847,0.019775778153547745,0.01910960400952153,0.36887659574468085,0.4431744680851064,0.8056510638297872,0.9328425531914893
jar__03593526__1c47c52b9f57f348e44d45504b29e834__models__model_normalized.npz,235000,1500000,0.3680838630643087,0.08439675107291489,0.07387999733034822,0.07065106382978724,0.13077021276595743,0.18642978723404255,0.3547531914893617
jar__03593526__1c73c8ff52c31667c8724d5673a063a6__models__model_normalized.npz,235000,1500000,0.2917747203294535,0.037031178982697366,0.024148102336611015,0.15162978723404255,0.30974893617021276,0.40347234042553193,0.7749617021276596
jar__03593526__1ca73dffe31553efcb349a60fd15aa15__models__model_normalized.npz,235000,1500000,0.3911204561932943,0.030040861515325732,0.004878323202749705,0.506263829787234,0.609868085106383,0.667663829787234,0.7883574468085106
jar__03593526__1d4a469bdb53d3f77a3f900e0a6f2d83__models__model_normalized.npz,235000,1500000,0.26042188496089397,0.014888934614318044,0.003924603196721768,0.6117404255319149,0.7792127659574468,0.8368042553191489,0.9133744680851064
jar__03593526__1d7868b4ad0913bf9f6b966b784c8347__models__model_normalized.npz,235000,1500000,0.32014032945161314,0.07408941108848704,0.06694034190530967,0.1992723404255319,0.2644085106382979,0.30684255319148934,0.41892340425531915
jar__03593526__1da5c02a928b8889dfd1be983f4bd279__models__model_normalized.npz,235000,1500000,0.22161393970847798,0.03254343755141435,0.03347616930882785,0.24469787234042553,0.3630808510638298,0.42257872340425534,0.8237659574468085
jar__03593526__1dde51480f0c5474a38859fd71bee28c__models__model_normalized.npz,235000,1500000,0.1853233747739553,0.011983426027499019,0.0030231333435402317,0.7038425531914894,0.8089148936170213,0.8559829787234042,0.922468085106383
jar__03593526__1dee9988a1ece53e4b3c42e318f3affc__models__model_normalized.npz,235000,1500000,0.3442567467338038,0.06820545723145717,0.06163535964930186,0.18645957446808512,0.2855957446808511,0.34909787234042555,0.4599404255319149
jar__03593526__1f5c74f0a55cbf9798d5fc0473d00a1c__models__model_normalized.npz,235000,1500000,0.28296811973689284,0.02463949336318419,0.004385638485384628,0.5429234042553192,0.6602340425531915,0.7195446808510638,0.8253659574468085
jar__03593526__1fc8104630b00416c151419181ef256__models__model_normalized.npz,235000,1500000,0.18442971241034473,0.03526046650098485,0.024923269185266758,0.2863914893617021,0.3585829787234043,0.45648936170212767,0.697672340425532
jar__03593526__1febe89e0336d5bcee106795de609335__models__model_normalized.npz,235000,1500000,0.24599555583492969,0.018805674963545415,0.004219580740694751,0.5584468085106383,0.6800340425531914,0.7496595744680851,0.8729191489361702
jar__03593526__20de70652a72eb4ae27790b0ec8671f7__models__model_normalized.npz,235000,1500000,0.4066677018322094,0.060924548857093,0.01856744128291917,0.36660851063829786,0.44806808510638296,0.5068,0.6747446808510639
jar__03593526__216d97aaa039609555f46d55537192b6__models__model_normalized.npz,235000,1500000,0.24819114521109145,0.027665416354600528,0.02711386518300555,0.2787489361702128,0.38954042553191487,0.4352255319148936,0.8590425531914894
jar__03593526__21efadc7372648164b3c42e318f3affc__models__model_normalized.npz,235000,1500000,0.2112761357985488,0.017672558941840923,0.004687899518982956,0.5265531914893617,0.7053787234042553,0.7707446808510638,0.8732127659574468
jar__03593526__2293b6aa5ed35db3b1a98fe8994d06b6__models__model_normalized.npz,235000,1500000,0.26370078486912496,0.03578339974957655,0.027659406831712634,0.16912340425531916,0.2566212765957447,0.37679148936170215,0.7827659574468085
jar__03593526__23e0d277a58fba0abced73c51e99f8b2__models__model_normalized.npz,235000,1500000,0.21958944223242163,0.036378846894870656,0.035733670040545146,0.19994468085106382,0.3225021276595745,0.38008085106382977,0.7788085106382979
jar__03593526__23f305e2ca3a3007ee106795de609335__models__model_normalized.npz,235000,1500000,0.22052263465642125,0.030716589351659166,0.005999028498194935,0.4614042553191489,0.5583446808510638,0.6247957446808511,0.7744468085106383
jar__03593526__244399287185e74d8ca4aeb5e3b33af7__models__model_normalized.npz,235000,1500000,0.528804650509229,0.08106940867914361,0.02912083910269151,0.19386382978723404,0.3758595744680851,0.45573191489361703,0.5717702127659574
jar__03593526__24d09682cc8ead67191c3762b497eca9__models__model_normalized.npz,235000,1500000,0.4925659003893654,0.06433864625751184,0.02813837752472301,0.13103829787234042,0.2046255319148936,0.32857021276595744,0.6319617021276596
jar__03593526__24f615dd07dab76cc6040c0e6de6a84d__models__model_normalized.npz,235000,1500000,0.3151169919391558,0.07150191510668234,0.05552578399417307,0.10676170212765958,0.17671063829787234,0.2413659574468085,0.47508510638297874
jar__03593526__256b66cbb1bd1c88b2cb9dff9356b165__models__model_normalized.npz,235000,1500000,0.23980215951068326,0.04629424434933254,0.036505888289572644,0.18890212765957448,0.31551063829787235,0.372936170212766,0.5772340425531914
jar__03593526__25d459836c571e1e6e130a30b5ed875__models__model_normalized.npz,235000,1500000,0.23679036404818216,0.029780254754428526,0.021635509061009688,0.1990936170212766,0.37087659574468085,0.4603744680851064,0.8185787234042553
jar__03593526__26795095a52c788f664b3b9b23ddfcbc__models__model_normalized.npz,235000,1500000,0.18073399726673658,0.01931457230527669,0.008608940437418298,0.28211914893617024,0.5499148936170213,0.7631617021276595,0.8857659574468085
jar__03593526__26b9ede17422ff5b84cd259bd328e92a__models__model_normalized.npz,235000,1500000,0.2848498675669559,0.0742037804329762,0.07931937197369454,0.1572936170212766,0.25337021276595745,0.30637021276595744,0.40194893617021277
jar__03593526__275cc21fad6aa1b6bfa78a7d067c469c__models__model_normalized.npz,235000,1500000,0.19222198751714262,0.04800293184225841,0.030026823789269047,0.29253617021276596,0.4107872340425532,0.46195744680851064,0.5642085106382979
jar__03593526__276bff32316ddd3eec0dc003f0209134__models__model_normalized.npz,235000,1500000,0.26157528615657427,0.026424840591634094,0.007008895020836286,0.37717872340425534,0.5890936170212766,0.6725872340425532,0.8022085106382979
jar__03593526__281530bc7fbb122f30612f5c0ef21eb8__models__model_normalized.npz,235000,1500000,0.333411721725667,0.040470200784878126,0.01496324191578734,0.38254468085106386,0.46448510638297874,0.5311702127659574,0.6932212765957447
jar__03593526__2886e2026ed9da084b3c42e318f3affc__models__model_normalized.npz,235000,1500000,0.215266042614678,0.03423285431695252,0.04572315505416995,0.2652595744680851,0.38933617021276595,0.4340085106382979,0.8393787234042553
jar__03593526__28938abdb2114e53bbc7a6acbd8f058b__models__model_normalized.npz,235000,1500000,0.17623973063692625,0.029281555632681353,0.026639343443161927,0.3212936170212766,0.3805489361702128,0.45314468085106385,0.8087744680851063
jar__03593526__29b41e593f8c1db24b3c42e318f3affc__models__model_normalized.npz,235000,1500000,0.19211856778539516,0.019972369289418528,0.007319499566228103,0.36480425531914895,0.5763914893617021,0.7497829787234043,0.8780170212765958
jar__03593526__2a7c0beb84e99d6636b0f2a1430e993a__models__model_normalized.npz,235000,1500000,0.1735014470505717,0.014510954788553295,0.0051358007383550805,0.49013617021276595,0.655004255319149,0.8177106382978724,0.9232127659574468
jar__03593526__2d5cccc84167c652b5918a323a1320cb__models__model_normalized.npz,235000,1500000,0.4634272977173806,0.05146395390754831,0.012535208553690138,0.37058297872340423,0.48126382978723403,0.5509574468085107,0.6388936170212766
jar__03593526__2d69fad249c53ca0c6e02b40b50fb3e7__models__model_normalized.npz,235000,1500000,0.35863651472868313,0.06365638762878902,0.04545036772078383,0.23431489361702126,0.31237021276595744,0.3660255319148936,0.522272340425532
jar__03593526__2d9fae9136d41ee2b978cf07d1cb130b__models__model_normalized.npz,235000,1500000,0.45670057852734514,0.04451598577133156,0.005078296961888976,0.4954851063829787,0.6129148936170212,0.6700510638297872,0.7776808510638298
jar__03593526__2da4d88435eaab6aa7f0dc86456c3021__models__model_normalized.npz,235000,1500000,0.24753410816550775,0.027733451641040414,0.006776145824781433,0.38956170212765956,0.5937829787234042,0.6728085106382978,0.7977787234042554
jar__03593526__2ddd2ef6c8ed56afbfec1075852e48f__models__model_normalized.npz,235000,1500000,0.4137826689373672,0.055797860796850784,0.024426719906999933,0.2914212765957447,0.4219276595744681,0.48004255319148936,0.5929063829787234
jar__03593526__2ebd0fb6ed39fcaeb72e05c63385c6b5__models__model_normalized.npz,235000,1500000,0.28922647262630957,0.027636829241241046,0.002928515593203015,0.6537148936170213,0.7189574468085106,0.7697872340425532,0.8494936170212766
jar__03593526__2ec608cc4d3287bb92e0b07fda7527d0__models__model_normalized.npz,235000,1500000,0.48880059487851346,0.05261051143523594,0.009146634851280457,0.3859148936170213,0.5103063829787234,0.5844553191489362,0.7231829787234042
jar__03593526__2fa653cd90c27f8fbd16d4490a10a752__models__model_normalized.npz,235000,1500000,0.2349610376709571,0.01933856092353528,0.003654632902859963,0.5921702127659575,0.6856851063829787,0.7536595744680851,0.8657957446808511
jar__03593526__2fc5fff977ac930050b92125e5fcb8ac__models__model_normalized.npz,235000,1500000,0.31935449102074337,0.06412444582045541,0.042898097157928465,0.18367659574468084,0.3438553191489362,0.41979574468085107,0.5208936170212766
jar__03593526__2ff5347d6ee079855337cdc4b758988c__models__model_normalized.npz,235000,1500000,0.5994829040657076,0.1314917945960769,0.08169917706254123,0.19731914893617022,0.2367276595744681,0.2871446808510638,0.4038
jar__03593526__306e447225c6976082db9fca4b68095__models__model_normalized.npz,235000,1500000,0.5378258199462757,0.1474546014989022,0.09281811260439879,0.12772340425531914,0.1598468085106383,0.1800127659574468,0.39765531914893615
jar__03593526__30b7bc199de66fc57eaeab1f0c9120b7__models__model_normalized.npz,235000,1500000,0.4612997657992763,0.09997496403954192,0.06651716064521727,0.12162127659574468,0.16948510638297873,0.2423063829787234,0.4219191489361702
jar__03593526__311399898943198de59f529cd1b6faa8__models__model_normalized.npz,235000,1500000,0.19069065826101342,0.028320725197071225,0.025425252888462244,0.23639148936170212,0.341131914893617,0.4349404255319149,0.8342851063829787
jar__03593526__311f29deecdde671295ffb61d1cd3a33__models__model_normalized.npz,235000,1500000,0.38645625292727037,0.061226542861626314,0.04851704490753869,0.06745531914893617,0.12962978723404256,0.2368,0.5111106382978723
jar__03593526__31b0a01063a976104725f67267e31c89__models__model_normalized.npz,235000,1500000,0.25190210950742653,0.0483644257392893,0.04142900073643532,0.14632765957446808,0.2288212765957447,0.3228042553191489,0.5692297872340426
jar__03593526__31c50baef63a3cd0b64920759fcc80ba__models__model_normalized.npz,235000,1500000,0.33460278312436326,0.08051538126998303,0.0701933615190919,0.16022127659574467,0.2855446808510638,0.34737446808510636,0.4472893617021277
jar__03593526__324c9045843b9470d29670d38a4c9e7e__models__model_normalized.npz,235000,1500000,0.29990515572040816,0.06038312761226632,0.027868097591076606,0.3550255319148936,0.4100808510638298,0.4646212765957447,0.5950595744680851
jar__03593526__32dc55c3e945384dbc5e533ab711fd24__models__model_normalized.npz,235000,1500000,0.2585379285734599,0.046600813570188436,0.02478587577319366,0.33192340425531913,0.3767404255319149,0.46994468085106383,0.6437659574468085
jar__03593526__32e863f0d34384cc7ad908dd9229dac8__models__model_normalized.npz,235000,1500000,0.33097283614853956,0.023006406557016457,0.002512672938361253,0.6947829787234042,0.7441148936170213,0.7819489361702128,0.8530042553191489
jar__03593526__3304e9400b2d610a69eaff4d4a8a103__models__model_normalized.npz,235000,1500000,0.25115445011303483,0.03808358217256351,0.029684308512142536,0.3254255319148936,0.3947404255319149,0.4517914893617021,0.6523872340425532
jar__03593526__330880146fd858e2cb6782d0f0acad78__models__model_normalized.npz,235000,1500000,0.20875888281718566,0.027546942952528686,0.013989133165352,0.37251063829787234,0.4361489361702128,0.5970425531914894,0.7900085106382979
jar__03593526__353015291fdbc5589de5525299ba58f__models__model_normalized.npz,235000,1500000,0.20388038910088516,0.037677074944648045,0.037753473354207784,0.2306468085106383,0.3357148936170213,0.38337021276595745,0.7934468085106383
jar__03593526__353709f2c6862ac56bc258c0f0234be0__models__model_normalized.npz,235000,1500000,0.25640234368320863,0.027117571204203043,0.0064208472159461225,0.41155744680851064,0.6025404255319149,0.6781659574468085,0.8023872340425532
jar__03593526__3585601ea0abfdfb409421506a05b6e1__models__model_normalized.npz,235000,1500000,0.2510047472879791,0.03136091891172684,0.029556907583596304,0.2562340425531915,0.38449787234042554,0.4412468085106383,0.8008042553191489
jar__03593526__365d864e8c58391e62a510b8f97c658e__models__model_normalized.npz,235000,1500000,0.27373320278809227,0.02914208447012033,0.0051584577918107385,0.48948085106382977,0.6293617021276596,0.6934595744680851,0.8074297872340426
jar__03593526__370c9228a2f41e99346cca8c07629c62__models__model_normalized.npz,235000,1500000,0.3135977217397829,0.03337613756172423,0.017061437266251735,0.2811787234042553,0.4196468085106383,0.5885702127659574,0.7914127659574468
jar__03593526__37b06eeb82c1a486835e59296200e86__models__model_normalized.npz,235000,1500000,0.39410513928137153,0.08805499129319715,0.02472381896505073,0.18471063829787235,0.36459574468085104,0.4690723404255319,0.5969404255319148
jar__03593526__3834ca6d4c3fda9d5b2ecd212557fda0__models__model_normalized.npz,235000,1500000,0.31839121396344566,0.022379366838725583,0.0037201140054284472,0.598195744680851,0.6989234042553192,0.7540510638297873,0.8557489361702127
jar__03593526__386a6dffaef80143fa0d49b618d792ba__models__model_normalized.npz,235000,1500000,0.3654168858307775,0.026502648957397453,0.005542567913818707,0.4655659574468085,0.6170170212765957,0.6850255319148936,0.8140808510638298
jar__03593526__3976bd1f61e4b5c95d878ba9ec3c0d6a__models__model_normalized.npz,235000,1500000,0.2547818874398733,0.023296652333031194,0.007394801003512956,0.3430808510638298,0.5910042553191489,0.6995191489361702,0.8382808510638298
jar__03593526__3986f7e461d3239ed8a9aa07aad9b484__models__model_normalized.npz,235000,1500000,0.21489909084677628,0.04242213555907714,0.02101632287939192,0.27102978723404253,0.4158595744680851,0.493731914893617,0.6464936170212766
jar__03593526__398818a67897e02fbab0ed993e467961__models__model_normalized.npz,235000,1500000,0.5177437310759565,0.10408543169674013,0.08056326535394645,0.212731914893617,0.27499148936170215,0.3133659574468085,0.4093617021276596
jar__03593526__39a8179c80a38ee130612f5c0ef21eb8__models__model_normalized.npz,235000,1500000,0.3365852776656903,0.040690858406492926,0.009743965128270278,0.4148723404255319,0.5020765957446809,0.5590085106382978,0.6902595744680851
jar__03593526__3a6e1c3f0755d58d774ba10f0bcc178a__models__model_normalized.npz,235000,1500000,0.31293529155957994,0.045894049556930196,0.0361130010565331,0.23108085106382978,0.2865063829787234,0.36292340425531916,0.6146765957446808
jar__03593526__3b5397782a5a1145fdbe2bf897d8a820__models__model_normalized.npz,235000,1500000,0.4396281969377778,0.1103797995244927,0.07258104693029836,0.2083063829787234,0.3446936170212766,0.4036085106382979,0.4619744680851064
jar__03593526__3bc220b749489ffa89035c25f0dfeb63__models__model_normalized.npz,235000,1500000,0.1746528861317091,0.023669494763892848,0.02208191940889171,0.28962127659574466,0.3949872340425532,0.444668085106383,0.8775914893617022
jar__03593526__3c148476c78123f3283b00891f680579__models__model_normalized.npz,235000,1500000,0.3100218020605158,0.034618463262925725,0.008869043871646968,0.3813191489361702,0.5200170212765958,0.6145531914893617,0.7832851063829788
jar__03593526__3ca8bda43d9d5775499773b0b5888ca6__models__model_normalized.npz,235000,1500000,0.4480356241843803,0.041685718150746884,0.017201604720048766,0.25119574468085104,0.40017021276595743,0.5354510638297872,0.7081787234042554
jar__03593526__3cd46f573c68e5fcfd41ffe96f6ef4b4__models__model_normalized.npz,235000,1500000,0.30325178178341167,0.04551922181050561,0.0311830933204868,0.27698297872340427,0.3531744680851064,0.4174851063829787,0.6376042553191489
jar__03593526__3ce0e5906686042c939163818f3c3007__models__model_normalized.npz,235000,1500000,0.20963228618538857,0.03212699651968735,0.020383380564086482,0.2313531914893617,0.3606808510638298,0.48493617021276597,0.8063446808510638
jar__03593526__3ce3a0a7adbaaa518e43a810a63361f0__models__model_normalized.npz,235000,1500000,0.19070363381783484,0.03483714221991118,0.024388965109972457,0.3061531914893617,0.3694297872340426,0.4643404255319149,0.7103702127659575
jar__03593526__3d7710926dc165d29d70a5dfc06759d__models__model_normalized.npz,235000,1500000,0.21142463207657197,0.00865090441772402,0.0025595742448237136,0.799527659574468,0.8813191489361702,0.9099702127659575,0.9506638297872341
jar__03593526__3dec5904337999561710801cae5dc529__models__model_normalized.npz,235000,1500000,0.3019951557739329,0.06715505601192946,0.04558382631656094,0.1842808510638298,0.3320851063829787,0.39885106382978724,0.5170468085106383
jar__03593526__3e2dd918360309554b3c42e318f3affc__models__model_normalized.npz,235000,1500000,0.26053177847697845,0.0463053891400666,0.03239279544285399,0.2308,0.3295063829787234,0.40728936170212765,0.6065574468085106
jar__03593526__3e79d011230224283307b6a54feea334__models__model_normalized.npz,235000,1500000,0.33083917474326135,0.05047351290977837,0.02861904975678059,0.16222127659574467,0.25108085106382977,0.3833957446808511,0.7734340425531915
jar__03593526__3e82203bf2cf0c81e6597d391ab6fcc1__models__model_normalized.npz,235000,1500000,0.3417502938781762,0.09011058709976859,0.05215196496254488,0.13571063829787233,0.22668510638297873,0.305668085106383,0.4892340425531915
jar__03593526__3f7d866f4e28e8014b3c42e318f3affc__models__model_normalized.npz,235000,1500000,0.33809665884663187,0.05136034724602281,0.007116443140814404,0.43491914893617023,0.5357744680851064,0.5925446808510638,0.7017872340425532
jar__03593526__3fc4784d1b2247306ded232b3f448b08__models__model_normalized.npz,235000,1500000,0.5652617550726685,0.026054182973853455,0.005001195411546587,0.49994042553191487,0.6551574468085106,0.7213574468085107,0.8312425531914893
jar__03593526__40f0d91382abe04b2396ca3dd50467ab__models__model_normalized.npz,235000,1500000,0.3101305919408994,0.028094811275999304,0.005706409828655994,0.4648127659574468,0.5890212765957447,0.6631446808510638,0.8054382978723404
jar__03593526__41391118c374e765ff3ef8f363b2cc43__models__model_normalized.npz,235000,1500000,0.3098651632847629,0.04673444900104944,0.0069190819770404925,0.4412468085106383,0.5340425531914894,0.6705574468085106,0.7364
jar__03593526__41dc952ae902bb2d2a087337e55e3e2e__models__model_normalized.npz,235000,1500000,0.35462311273610475,0.07440604443101764,0.06673233155086739,0.08667659574468085,0.1488468085106383,0.20405106382978724,0.3842340425531915
jar__03593526__41fcf346a7b3ceb75337cdc4b758988c__models__model_normalized.npz,235000,1500000,0.4078482979493871,0.04881237041607536,0.042511931544402845,0.19911489361702128,0.32348936170212766,0.38273617021276596,0.7309702127659574
jar__03593526__420254a2489912c13f8d8f0f2ad2ee2__models__model_normalized.npz,235000,1500000,0.49393850627184643,0.03101343139155627,0.005640693764924843,0.45421702127659574,0.6442893617021277,0.7201574468085107,0.8235702127659574
jar__03593526__434351669b58f5bd438d8caa9ae106fa__models__model_normalized.npz,235000,1500000,0.1729333994189499,0.03113148546153795,0.02691545647788223,0.29925531914893616,0.347736170212766,0.40827659574468084,0.8085659574468085
jar__03593526__43816943fe7907124e806038192890dd__models__model_normalized.npz,235000,1500000,0.2849320787826577,0.03580494619973251,0.028331636507702276,0.23348936170212767,0.34940851063829786,0.4048553191489362,0.8033063829787234
jar__03593526__447730fef97d1f5a89035c25f0dfeb63__models__model_normalized.npz,235000,1500000,0.19826767255107375,0.024459975664302084,0.009713293670038883,0.3871914893617021,0.5030638297872341,0.7134212765957447,0.8430765957446809
jar__03593526__44a5d28686a9b8c9182816640e3b1915__models__model_normalized.npz,235000,1500000,0.23230803353958895,0.019629264980631167,0.005266837749057615,0.4922382978723404,0.5779914893617021,0.7595148936170213,0.8907234042553192
jar__03593526__44e3fd4a1e8ba7dd433f5a7a254e9685__models__model_normalized.npz,235000,1500000,0.2568694184093302,0.028705280779727765,0.009835263518244281,0.26697021276595745,0.5104765957446808,0.6644595744680851,0.7966723404255319
jar__03593526__451d7b1633aa8ee741da9a75408092f6__models__model_normalized.npz,235000,1500000,0.6273585517550937,0.038722037220722046,0.037417176284779155,0.25554468085106385,0.3616,0.41934893617021274,0.8230893617021277
jar__03593526__45ba72a5187c5fd7b9c6deef486a7d8__models__model_normalized.npz,235000,1500000,0.7709828009465824,0.04918068670919242,0.008255684599487553,0.45089787234042555,0.5110638297872341,0.5535148936170213,0.6479531914893617
jar__03593526__460055a94c92bc3ed680196133d8b70f__models__model_normalized.npz,235000,1500000,0.4248848220003175,0.07666381877584341,0.012737349789283892,0.2946382978723404,0.47111914893617024,0.5391617021276596,0.6577872340425532
jar__03593526__4689cff7bb28dad35425a71c247ca5d1__models__model_normalized.npz,235000,1500000,0.41764912008561444,0.041111213679987706,0.009111759256335412,0.36932765957446806,0.5122723404255319,0.5897872340425532,0.7249702127659574
jar__03593526__46eb2397e694c01e2b0ee99af125a449__models__model_normalized.npz,235000,1500000,0.4010428376349641,0.037661480415831866,0.010132883140120555,0.4493531914893617,0.49912340425531915,0.5606,0.7246425531914894
jar__03593526__470392ec218fb13d63d977b06bbd429d__models__model_normalized.npz,235000,1500000,0.36614601676487485,0.036276073973324795,0.03393009545311733,0.26016595744680854,0.3855404255319149,0.441331914893617,0.8243106382978723
jar__03593526__4708d67a361201b2ff7e95552a1d6a0e__models__model_normalized.npz,235000,1500000,0.521329009210367,0.06700678719023351,0.051259376451201114,0.23760851063829788,0.34216170212765956,0.387931914893617,0.49571489361702126
jar__03593526__472eba74eb73dcb9c5beea20858a99d5__models__model_normalized.npz,235000,1500000,0.35257667826486544,0.02743672663904911,0.005233955843568364,0.4925914893617021,0.5704893617021276,0.6453787234042553,0.798136170212766
jar__03593526__477932969f473792433f5a7a254e9685__models__model_normalized.npz,235000,1500000,0.3544455268505128,0.030608069284197962,0.009631634592097253,0.2795787234042553,0.5250978723404255,0.6788851063829787,0.7980510638297872
jar__03593526__4784aeb9d867aa83f685327911e7e258__models__model_normalized.npz,235000,1500000,0.44838354050637114,0.1003593985003675,0.07147315838204425,0.13658723404255319,0.23553191489361702,0.2901021276595745,0.41860851063829785
jar__03593526__483b9263192747a3a4c322790a683350__models__model_normalized.npz,235000,1500000,0.25994139192860405,0.03452422865516947,0.004630251827651885,0.5170255319148936,0.5967914893617021,0.6490553191489362,0.7519872340425532
jar__03593526__488139f06d9905d830ffab76baff35a5__models__model_normalized.npz,235000,1500000,0.3013142757456785,0.04288531513845715,0.010294529095722565,0.3528340425531915,0.4968468085106383,0.5648170212765957,0.6970255319148936
jar__03593526__48c94c6283fa5566a4136492f17b9a59__models__model_normalized.npz,235000,1500000,0.4808905533613224,0.02869392443246608,0.02828368868808377,0.34137021276595747,0.42562978723404254,0.4610510638297872,0.8542
jar__03593526__48eaa8465573a112bba080e9e0b1ed91__models__model_normalized.npz,235000,1500000,0.39445996028079916,0.03826505513104995,0.018054529677615783,0.34494468085106383,0.4304595744680851,0.5124340425531915,0.7136212765957447
jar__03593526__49943fa341bd0fc86bc258c0f0234be0__models__model_normalized.npz,235000,1500000,0.23462731783932106,0.015579931129214577,0.0035757629120387285,0.6251702127659574,0.7421914893617021,0.7991234042553191,0.8951446808510638
jar__03593526__4996f1c0120f4c62ab361b6be63163da__models__model_normalized.npz,235000,1500000,0.49022604674156556,0.051946605196889185,0.014793527895425457,0.18665106382978724,0.4382893617021277,0.5332212765957447,0.6835148936170212
jar__03593526__49a97b1ceaee4a15525b133235812833__models__model_normalized.npz,235000,1500000,0.5217663508099667,0.11679889607540432,0.06518713603531145,0.15180425531914893,0.2042808510638298,0.2302,0.45433617021276596
jar__03593526__49f9a29866f0177bcc4cd6c58bd35c0c__models__model_normalized.npz,235000,1500000,0.2098955981315401,0.02492961659565541,0.004131710359064397,0.5535191489361702,0.6472297872340426,0.7020340425531915,0.8058
jar__03593526__4a53c4af240c562537048583edf8ef2c__models__model_normalized.npz,235000,1500000,0.33316531458890297,0.07076486682847133,0.06668952558163402,0.12474468085106383,0.23729787234042554,0.3002170212765957,0.42134468085106386
jar__03593526__4b16d8e3aa65a107e9814058bbcd7b44__models__model_normalized.npz,235000,1500000,0.2032039487517042,0.0364418389944625,0.01742359815793764,0.39209787234042554,0.44047659574468084,0.519931914893617,0.7046468085106383
jar__03593526__4b35db459bc209bf5d878ba9ec3c0d6a__models__model_normalized.npz,235000,1500000,0.30244739902014645,0.03530896850065494,0.01091240186833924,0.25257446808510636,0.4668340425531915,0.6274255319148936,0.750263829787234
jar__03593526__4b574003434d2ba041034a9ebee74b0c__models__model_normalized.npz,235000,1500000,0.25696577145372795,0.029473341554667947,0.011103487704673995,0.35304255319148936,0.4883446808510638,0.6182085106382978,0.7778297872340425
jar__03593526__4b5cfef99f228397cf0c9e00a1c0d141__models__model_normalized.npz,235000,1500000,0.3494424121647261,0.025084871739665317,0.00582600945560155,0.4401744680851064,0.6363787234042553,0.7081914893617022,0.8261276595744681
jar__03593526__4bc38481b09e397689035c25f0dfeb63__models__model_normalized.npz,235000,1500000,0.28166433525542806,0.07522212353263534,0.08140452244958106,0.09505106382978723,0.19248510638297872,0.2518085106382979,0.3521021276595745
jar__03593526__4c2eb778f9b6485480067e3fdc6db24c__models__model_normalized.npz,235000,1500000,0.5181958064970489,0.05362542072642288,0.018295677727859238,0.28711063829787237,0.4215489361702128,0.5136936170212766,0.7013404255319149
jar__03593526__4c9e762d331457997ed8de38e968d714__models__model_normalized.npz,235000,1500000,0.29858238327413783,0.038175139298242663,0.011976224495431714,0.3668936170212766,0.47937446808510636,0.5639872340425532,0.717668085106383
jar__03593526__4cd2f74d052b561952e2d18963a75b4d__models__model_normalized.npz,235000,1500000,0.3135295463975143,0.058440754338103654,0.01687106644421807,0.3647787234042553,0.4623914893617021,0.5127914893617022,0.609927659574468
jar__03593526__4cd37983220c5949946c2e1ea428382a__models__model_normalized.npz,235000,1500000,0.3835623530379343,0.052512364471539494,0.055945675519609966,0.20980425531914892,0.34069787234042553,0.3922765957446809,0.4737446808510638
jar__03593526__4d392c12240cfe352150a45ec52bcbd7__models__model_normalized.npz,235000,1500000,0.27173913723431103,0.03275694354500424,0.007924152454606617,0.3689531914893617,0.5377617021276596,0.6129063829787234,0.7478851063829787
jar__03593526__4d53bcb8348292d4b4be5695ea899000__models__model_normalized.npz,235000,1500000,0.2445047025216416,0.022781904096466125,0.005060764138759243,0.4949914893617021,0.6786723404255319,0.7366553191489361,0.8303659574468085
jar__03593526__4f52256337d0d4a4c6e7cc40a98a4ef5__models__model_normalized.npz,235000,1500000,0.23569508846525297,0.043121485191972314,0.018749279798354238,0.3851531914893617,0.4454595744680851,0.5071361702127659,0.655536170212766
jar__03593526__4fbe0133d0df10ef5636a727f8e7b7a__models__model_normalized.npz,235000,1500000,0.4155131070359961,0.03503853881207136,0.0057478577316288785,0.45085106382978724,0.6178340425531915,0.6822595744680852,0.7961617021276596
jar__03593526__507b672473eda11032a1eca0e8e4f468__models__model_normalized.npz,235000,1500000,0.29941622526818024,0.04897633710226858,0.04154053072888232,0.12416170212765958,0.19572765957446808,0.292336170212766,0.5773787234042553
jar__03593526__537670c883cc57f730612f5c0ef21eb8__models__model_normalized.npz,235000,1500000,0.2689006611242884,0.03461645532245378,0.008026249156688089,0.4361914893617021,0.5186382978723404,0.5825744680851064,0.7312553191489362
jar__03593526__546025d656c166562887a88b1b446ef8__models__model_normalized.npz,235000,1500000,0.26586514273451806,0.06911348111672672,0.0438016942985613,0.2539744680851064,0.3202042553191489,0.38594893617021275,0.5237574468085107
jar__03593526__54ae704d4eee561bd93768e7b9b1eabf__models__model_normalized.npz,235000,1500000,0.2582558747839747,0.04765328028895837,0.027934994930620356,0.10627234042553191,0.21586382978723404,0.37082978723404253,0.7009617021276596
jar__03593526__5543edf23df6527530612f5c0ef21eb8__models__model_normalized.npz,235000,1500000,0.22630495194275374,0.05052692298790387,0.02307372622065082,0.3574978723404255,0.42880425531914895,0.4852,0.618531914893617
jar__03593526__569b55cfce8c4d15b136b011ae1ece0c__models__model_normalized.npz,235000,1500000,0.2211560951269328,0.02624746378875064,0.0056214246026645345,0.46588936170212764,0.6020340425531915,0.6807191489361702,0.800272340425532
jar__03593526__56f7b662be65b7824725f67267e31c89__models__model_normalized.npz,235000,1500000,0.2596347098868947,0.05308871344301764,0.04630176184103475,0.12344255319148936,0.2654255319148936,0.35511489361702125,0.5141191489361702
jar__03593526__57693fd44e597bd8fed792cc021b4e66__models__model_normalized.npz,235000,1500000,0.24872016704690114,0.023111001729516464,0.0068846714009485575,0.3895531914893617,0.5857021276595745,0.7565276595744681,0.8636382978723405
jar__03593526__578096b08ef3c3534637188d1bc69cfd__models__model_normalized.npz,235000,1500000,0.23777684102212968,0.021893342025219906,0.004611643148196323,0.5324042553191489,0.6953106382978723,0.7539957446808511,0.8523234042553192
jar__03593526__57b186ba25a680584289430f919c490c__models__model_normalized.npz,235000,1500000,0.26438867532732807,0.03249047615392645,0.006793090539248035,0.43057021276595747,0.5473829787234042,0.6135744680851064,0.7596765957446808
jar__03593526__57c542a72c735adb7e2297b5fd58c53e__models__model_normalized.npz,235000,1500000,0.4268011047933951,0.03038916532855297,0.004675311478914784,0.5276340425531915,0.701331914893617,0.7585489361702128,0.8517446808510638
jar__03593526__585c1079643d859db2236bb2a62ecfdf__models__model_normalized.npz,235000,1500000,0.6329040824585455,0.08689018054781268,0.04344792015272884,0.24992340425531914,0.34913617021276594,0.39967659574468084,0.526272340425532
jar__03593526__58757fb09681ea3236b0f2a1430e993a__models__model_normalized.npz,235000,1500000,0.4346636030610458,0.03922986450622499,0.00726182180165048,0.38131489361702126,0.6195531914893617,0.6911617021276596,0.780004255319149
jar__03593526__58c9d6575d62fbaf12bc68f36f3bdd45__models__model_normalized.npz,235000,1500000,0.3683796034488745,0.07379127975038464,0.05046832932951645,0.16520425531914892,0.3092382978723404,0.3854510638297872,0.49829787234042555
jar__03593526__595e22f425839eac2d4b0854f7611ed6__models__model_normalized.npz,235000,1500000,0.32219769939793325,0.03287709721521709,0.007215115782757705,0.4032553191489362,0.5500212765957447,0.6249361702127659,0.7570255319148936
jar__03593526__59deef87601c4a86664b3b9b23ddfcbc__models__model_normalized.npz,235000,1500000,0.19037104231840324,0.01621175409042147,0.005310475372139448,0.47924255319148934,0.6369957446808511,0.8020680851063829,0.9068723404255319
jar__03593526__5a4af043ba70f9682db9fca4b68095__models__model_normalized.npz,235000,1500000,0.3762479925685796,0.09260125944072009,0.09116148653994738,0.08348085106382978,0.10943829787234043,0.15731063829787234,0.30620851063829785
jar__03593526__5b13716dfa70014c726dbbf7bc5e4df3__models__model_normalized.npz,235000,1500000,0.38527507133921707,0.05580045820267599,0.025130748078609197,0.34213617021276593,0.4114765957446809,0.4725531914893617,0.6078127659574468
jar__03593526__5b8b46006f36e9a741711e9e73e5d4ca__models__model_normalized.npz,235000,1500000,0.24954651013097706,0.020615989196343058,0.004175449234314331,0.5519148936170213,0.6548382978723404,0.7267574468085106,0.8565914893617022
jar__03593526__5bbc259497af2fa15db77ed1f5c8b93__models__model_normalized.npz,235000,1500000,0.26572404488263973,0.051424239848849224,0.03557219509218045,0.15696170212765959,0.28722553191489364,0.3556255319148936,0.6115404255319149
jar__03593526__5bffbd5a0ca14f342f841233486fac2b__models__model_normalized.npz,235000,1500000,0.1487972355777912,0.027665759321826276,0.021410462375133502,0.3317531914893617,0.4432808510638298,0.4946042553191489,0.808527659574468
jar__03593526__5c1128439ea33c8398910e50f05b8001__models__model_normalized.npz,235000,1500000,0.23725305345540623,0.04365047887700501,0.038463305279501425,0.18746382978723405,0.3306978723404255,0.39609787234042554,0.6132510638297872
jar__03593526__5c2079f8089b0419ca2de9a00262030f__models__model_normalized.npz,235000,1500000,0.26678240408816273,0.030369308635990938,0.025903250750314487,0.23488085106382978,0.38657021276595743,0.45787659574468087,0.8333531914893617
jar__03593526__5c589d9495c87d7da2fcca81c767066f__models__model_normalized.npz,235000,1500000,0.24452012635267067,0.017074727819786514,0.004264536946857919,0.5288510638297872,0.6021702127659575,0.7774468085106383,0.8904510638297872
jar__03593526__5cb41c58e0bb0b44deceaec2593e1649__models__model_normalized.npz,235000,1500000,0.2191384765378449,0.0325795365586838,0.033508536428503405,0.26501702127659577,0.38033617021276594,0.4302382978723404,0.7137702127659574
jar__03593526__5cf4d1f50bc8b27517b73b4b5f74e5b2__models__model_normalized.npz,235000,1500000,0.24198859643564805,0.04740597209063431,0.034623364672637796,0.21086808510638297,0.2990212765957447,0.37928510638297874,0.6147361702127659
jar__03593526__5d123380371637c330b9e09efbedfc98__models__model_normalized.npz,235000,1500000,0.31248629745676854,0.041578923466379335,0.03475167400521831,0.25021702127659573,0.34134468085106384,0.3870510638297872,0.7230893617021277
jar__03593526__5d3c251a9c593929c268c38e2d88a8f5__models__model_normalized.npz,235000,1500000,0.3602261771965207,0.03431230821609881,0.014147631594225715,0.3521957446808511,0.468131914893617,0.5349191489361702,0.727531914893617
jar__03593526__5d636123af31f735e76bc197b3a3ffc0__models__model_normalized.npz,235000,1500000,0.33692515190672895,0.043064212055912286,0.02055122795901089,0.2587191489361702,0.42138297872340424,0.4973191489361702,0.7489744680851064
jar__03593526__5e1c630396c0a1ce30cbeaf8f6d93761__models__model_normalized.npz,235000,1500000,0.22689178050669326,0.055683700157231224,0.05258361517453794,0.04451063829787234,0.11576170212765957,0.2027063829787234,0.47209787234042555
jar__03593526__5e421da99a879732d8564c06b061019__models__model_normalized.npz,235000,1500000,0.24559806761198216,0.03303232134243862,0.030122276318767453,0.20075319148936172,0.3536808510638298,0.4280468085106383,0.8091744680851064
jar__03593526__5e61ce9dd25efc97eb7b988bf4f0d1ef__models__model_normalized.npz,235000,1500000,0.540351350815623,0.05716904709476483,0.02427515563306468,0.3921914893617021,0.44713191489361703,0.4860553191489362,0.5795063829787234
jar__03593526__5e6c6769815668b817ba4f4092c6f41__models__model_normalized.npz,235000,1500000,0.5042322907072935,0.06886914794933603,0.005324096335641227,0.48622978723404253,0.5848340425531915,0.6434382978723404,0.7123872340425532
jar__03593526__5e914dd726313181b1b4b514128408b0__models__model_normalized.npz,235000,1500000,0.24372161923370028,0.02087991695038795,0.005536856033673997,0.4529744680851064,0.6982936170212766,0.7792042553191489,0.8660765957446809
jar__03593526__5eab5b7ed4d29ce5664b3b9b23ddfcbc__models__model_normalized.npz,235000,1500000,0.2674253215818934,0.027479999418561482,0.028786207617316907,0.2094,0.38372340425531914,0.4528042553191489,0.8900808510638298
jar__03593526__60abc8a27bb77020535deb3b0c692a2a__models__model_normalized.npz,235000,1500000,0.3686944946101105,0.07017884752928862,0.05917897637070795,0.18720425531914894,0.3258808510638298,0.38593617021276594,0.4773276595744681
jar__03593526__63447253a06727004725f67267e31c89__models__model_normalized.npz,235000,1500000,0.28541545379781225,0.05817918121052617,0.04208099065501737,0.07194042553191489,0.14982127659574468,0.25036170212765957,0.569668085106383
jar__03593526__636eea1d5a7b3c61fdbe2bf897d8a820__models__model_normalized.npz,235000,1500000,0.5031905044148708,0.06399909778931613,0.03381484772707599,0.1586808510638298,0.3189234042553192,0.43217872340425534,0.5720723404255319
jar__03593526__6488a88563cb1f3b2dcb7217e1ed4196__models__model_normalized.npz,235000,1500000,0.527929520048799,0.04663949608245237,0.01414712188948555,0.18815744680851063,0.36640425531914894,0.5726,0.7256808510638297
jar__03593526__64a0985a86bbead9fe9d8ee1a924ac2e__models__model_normalized.npz,235000,1500000,0.2729709311468999,0.022200659867940856,0.006042101699361705,0.42366382978723405,0.6383106382978724,0.7201659574468086,0.8418127659574468
jar__03593526__6519a8929afa98739de171e0db680498__models__model_normalized.npz,235000,1500000,0.22791825504136465,0.02633585546622663,0.003379886396635153,0.5833276595744681,0.647731914893617,0.7038978723404256,0.8112978723404255
jar__03593526__6596b4cadc29d0448de42fc1392c2139__models__model_normalized.npz,235000,1500000,0.25402031428852395,0.04258387504032195,0.02626418736965276,0.12082127659574468,0.2590212765957447,0.35406382978723405,0.6788297872340425
jar__03593526__65bec5b1e02db6573543a074b9dea19b__models__model_normalized.npz,235000,1500000,0.3249463916042604,0.02761721892562934,0.011750102440403946,0.37044680851063827,0.4829148936170213,0.5658085106382978,0.8548085106382979
jar__03593526__65d3ab62e8fc9f2fda564dc72444286c__models__model_normalized.npz,235000,1500000,0.4448567229230656,0.08246719525707773,0.045097228543627896,0.16298297872340425,0.31350212765957447,0.39120851063829787,0.5216851063829787
jar__03593526__661f1f07ee3cf13a77d7528e1646c585__models__model_normalized.npz,235000,1500000,0.31052439356742867,0.017690575793232848,0.002811932398708262,0.6632297872340426,0.7240127659574468,0.7806851063829787,0.8804510638297872
jar__03593526__6628119d7cf6ca8b82db9fca4b68095__models__model_normalized.npz,235000,1500000,0.127510121657978,0.014889013076902475,0.00410876280404869,0.5411617021276596,0.6255489361702128,0.7333787234042554,0.918327659574468
jar__03593526__67b6b40050bdc870e43df8c9a38bf11b__models__model_normalized.npz,235000,1500000,0.2878960699142704,0.045438109022077317,0.026973440679179166,0.21799148936170212,0.3532510638297872,0.44787659574468086,0.6529234042553191
jar__03593526__67f7d931a1796b97331dae093cef31__models__model_normalized.npz,235000,1500000,0.33497075394050246,0.0463964176856267,0.015276791297142992,0.3542851063829787,0.45773617021276597,0.5315063829787234,0.6810893617021276
jar__03593526__682de86ee8578339490ad276cd2af3a4__models__model_normalized.npz,235000,1500000,0.32099522002960124,0.04367981882151087,0.007278920608177421,0.4000085106382979,0.595,0.6576595744680851,0.7449361702127659
jar__03593526__6a13375f8fce3142e6597d391ab6fcc1__models__model_normalized.npz,235000,1500000,0.22980495857184396,0.06393435916875322,0.05690886810791375,0.1429276595744681,0.22925106382978724,0.29668510638297874,0.46408936170212767
jar__03593526__6b1e3b2af2a9e54bef76898f881b76a__models__model_normalized.npz,235000,1500000,0.19128155135342165,0.025610285700094895,0.02134292495151393,0.24413191489361702,0.3964170212765957,0.4873872340425532,0.8491404255319149
jar__03593526__6bb307429e516e2f129f1cb6c6fa9dd5__models__model_normalized.npz,235000,1500000,0.4284487460199961,0.039426101735481875,0.006747845062260919,0.4044553191489362,0.628463829787234,0.7032510638297872,0.7863531914893617
jar__03593526__6bc426e7226f6f22362d7fcfd32ff15d__models__model_normalized.npz,235000,1500000,0.21899211567604268,0.035900103982476436,0.018919689868570188,0.27280851063829786,0.37506808510638295,0.5090340425531915,0.7232
jar__03593526__6bce9e16470b57d0c5beea20858a99d5__models__model_normalized.npz,235000,1500000,0.3287372307960286,0.03501014161696868,0.011497091355605685,0.41332340425531916,0.4876595744680851,0.5583234042553191,0.7659404255319149
jar__03593526__6bfcacdff00d57c633774da3deff863__models__model_normalized.npz,235000,1500000,0.45701955932001304,0.06988387708124555,0.03861025065473815,0.18879148936170212,0.2925106382978723,0.34431063829787234,0.6232425531914894
jar__03593526__6c7bcc925e7c6fdfb33495457ee36a49__models__model_normalized.npz,235000,1500000,0.2611978868341935,0.043590636019960466,0.014084143748216954,0.20949787234042552,0.3923191489361702,0.565995744680851,0.7049106382978724
jar__03593526__6cccc41151a9578d4b3c42e318f3affc__models__model_normalized.npz,235000,1500000,0.1635762581391992,0.03358143182046323,0.02911816541212387,0.2492,0.39559148936170213,0.46073617021276597,0.8021106382978723
jar__03593526__6d652a95363bb682b692b490d9871ff1__models__model_normalized.npz,235000,1500000,0.31356273522472167,0.04302846133235323,0.007612724103725928,0.3874723404255319,0.5411702127659574,0.6045531914893617,0.7194170212765958
jar__03593526__6db6c54e6967dfea3481efcd727db3ad__models__model_normalized.npz,235000,1500000,0.2482330651475325,0.017927520034167903,0.007238389456361217,0.3638510638297872,0.5803914893617022,0.7822765957446809,0.9043361702127659
jar__03593526__6dfb59f33c88a4e0263c42ff6d6b9672__models__model_normalized.npz,235000,1500000,0.17920291386908332,0.023492316696008833,0.004465707585045695,0.509127659574468,0.5649021276595745,0.648931914893617,0.8113914893617021
jar__03593526__6e44adec0854dfaa93fb5c975e8de2b7__models__model_normalized.npz,235000,1500000,0.2531595676468935,0.03976750330699403,0.014944672858618818,0.38127234042553193,0.46780425531914893,0.5281021276595744,0.6762936170212765
jar__03593526__6e97b8fd720790455ca1f314f1afc186__models__model_normalized.npz,235000,1500000,0.33372137853580186,0.0445127734533287,0.03347162280657329,0.23245531914893616,0.3450936170212766,0.41581702127659576,0.6978127659574468
jar__03593526__6f2c815565cfdb97a1c637e821f12a67__models__model_normalized.npz,235000,1500000,0.272866601449992,0.036282097490109515,0.007408965457768273,0.4074340425531915,0.5388765957446808,0.6028382978723404,0.7280297872340425
jar__03593526__6f43bf97b213b888ca2ed12df13a916a__models__model_normalized.npz,235000,1500000,0.435034919576396,0.024837391362160007,0.0036926862566203983,0.6129659574468085,0.7211787234042554,0.7710127659574468,0.8571106382978724
jar__03593526__701cb938a050ced01071d664364e92d8__models__model_normalized.npz,235000,1500000,0.411837305790171,0.04775838998226449,0.005740488121290211,0.46595744680851064,0.5738978723404256,0.6228212765957447,0.7221617021276596
jar__03593526__701ea218827f9a7a733657da4b6687f4__models__model_normalized.npz,235000,1500000,0.2913213178701552,0.03134463290946718,0.007603481263768665,0.3660595744680851,0.5538553191489362,0.6320297872340426,0.7758425531914893
jar__03593526__70367e4fd1ad753427eb00c151c6f711__models__model_normalized.npz,235000,1500000,0.21328758220821328,0.03623941579513905,0.019883462615490656,0.3489489361702128,0.4242595744680851,0.5009234042553191,0.6986425531914894
jar__03593526__7037b6266188af53197a35146ee825cd__models__model_normalized.npz,235000,1500000,0.19986396164165274,0.030266096112065582,0.013453929741442952,0.37273617021276595,0.4680595744680851,0.5770978723404255,0.7763148936170213
jar__03593526__712db68c0889d82925e0f641bff885da__models__model_normalized.npz,235000,1500000,0.17788064836979303,0.013733722282215298,0.0025562463615227743,0.6816765957446809,0.7375957446808511,0.7977829787234042,0.9071276595744681
jar__03593526__718d999b71ac3d28c33cda78d407d98a__models__model_normalized.npz,235000,1500000,0.24983461185981182,0.04314450623729987,0.021345210255878017,0.30819148936170215,0.42681702127659576,0.493,0.6691617021276596
jar__03593526__7213aae6cdadc227d680196133d8b70f__models__model_normalized.npz,235000,1500000,0.15242161877786142,0.02265628466649314,0.022547976799233406,0.36124255319148935,0.4508595744680851,0.4823276595744681,0.8592723404255319
jar__03593526__724fb5eb32401b96ed681532841d3af9__models__model_normalized.npz,235000,1500000,0.22624891705286854,0.028491455409556166,0.0068625734862321625,0.4024553191489362,0.5707872340425532,0.6424808510638298,0.7716893617021277
jar__03593526__72a7b73460850cd777939c607179153c__models__model_normalized.npz,235000,1500000,0.3293206995162342,0.06229734088636807,0.015861068362390006,0.3171489361702128,0.4627063829787234,0.5164808510638298,0.6023404255319149
jar__03593526__72b25fa022376928e4feabc80d16b5e4__models__model_normalized.npz,235000,1500000,0.22968318508642901,0.03588276218140059,0.008749621314132358,0.44118297872340423,0.5117148936170213,0.5875446808510638,0.7416978723404255
jar__03593526__72cd871f8335f911fe9e40361c13f085__models__model_normalized.npz,235000,1500000,0.2862798872925068,0.0544164708314776,0.03640804776688987,0.14774468085106382,0.28845106382978725,0.38060425531914893,0.5938042553191489
jar__03593526__72dad3d3eb9aaaa6707cdefe012d0353__models__model_normalized.npz,235000,1500000,0.2216976574075285,0.02487423014544568,0.0028540849175088356,0.6382553191489362,0.6913404255319149,0.7339829787234042,0.8118510638297872
jar__03593526__7333b1ae767c03db2396ca3dd50467ab__models__model_normalized.npz,235000,1500000,0.28462920441731254,0.03699630197516365,0.010289222215117905,0.31784255319148935,0.4955914893617021,0.5873106382978723,0.7328808510638298
jar__03593526__739f97be019f29f2da5969872c705114__models__model_normalized.npz,235000,1500000,0.2357671899138539,0.05853612570736304,0.04096491755691899,0.18431063829787234,0.32819574468085105,0.39305531914893616,0.5238468085106383
jar__03593526__73d1c7ed4bdb3bfd2f2318fdd66be40a__models__model_normalized.npz,235000,1500000,0.6417570319214604,0.042930717038119875,0.026936299773792458,0.19379148936170212,0.33604255319148935,0.39611063829787235,0.7924297872340426
jar__03593526__75ebd17ea72f4e6257f40ff86fe708ff__models__model_normalized.npz,235000,1500000,0.27464019917130067,0.024939602253538702,0.0073981381277892395,0.38726382978723406,0.5536936170212766,0.7058553191489362,0.8250765957446808
jar__03593526__763474ce228585bf687ad2cd85bde80a__models__model_normalized.npz,235000,1500000,0.22077682191579018,0.034390939261654214,0.01918985093591965,0.24877872340425533,0.3513489361702128,0.5684978723404255,0.7671872340425532
jar__03593526__76677da63039c6d9e6a735b744b69aa4__models__model_normalized.npz,235000,1500000,0.2823181583938416,0.020090816683999212,0.004946807324195071,0.5054808510638298,0.6560127659574468,0.7367021276595744,0.8708553191489362
jar__03593526__76b3419536fa2802ead5bd90ea492d1b__models__model_normalized.npz,235000,1500000,0.30252825774223263,0.05038667785548613,0.022292377115243855,0.27453617021276594,0.40239574468085104,0.47497021276595747,0.6433659574468085
jar__03593526__76ffe67d67948975464e3094da7d844a__models__model_normalized.npz,235000,1500000,0.27067347777933043,0.024527450674432016,0.0070010385659722615,0.4540468085106383,0.5392255319148936,0.6344255319148936,0.8324765957446808
jar__03593526__770df0065c50c19dd884646143528886__models__model_normalized.npz,235000,1500000,0.2641481277713971,0.05290731198574212,0.051417419640372566,0.17370212765957446,0.3145872340425532,0.38085531914893617,0.4910595744680851
jar__03593526__770f2adb9756b792c9f016d57db96408__models__model_normalized.npz,235000,1500000,0.24639826826066225,0.032749573020684646,0.008535131461705554,0.3514595744680851,0.5262595744680851,0.6026,0.7393404255319149
jar__03593526__7775947ce2333be398910e50f05b8001__models__model_normalized.npz,235000,1500000,0.2902072769171785,0.03856911340243276,0.032818628202286156,0.2759063829787234,0.3686127659574468,0.41202978723404254,0.6633574468085106
jar__03593526__777bbb60f4596a5155f46d55537192b6__models__model_normalized.npz,235000,1500000,0.17349904492616317,0.019464586201399164,0.0038465393896036887,0.5769914893617021,0.6678808510638298,0.7286425531914894,0.851068085106383
jar__03593526__789d336e4456d8854dff7c27c1f6df72__models__model_normalized.npz,235000,1500000,0.3146136510128069,0.051807175943114125,0.02969716090022594,0.22804255319148936,0.29041702127659574,0.3788808510638298,0.6188085106382979
jar__03593526__79a582343eece9c645c7a8e7c70da8b1__models__model_normalized.npz,235000,1500000,0.27959573223087064,0.050396961753973964,0.013876766291827271,0.3465106382978723,0.4744127659574468,0.5267574468085107,0.6225191489361702
jar__03593526__79ee45aa6b0c86064725f67267e31c89__models__model_normalized.npz,235000,1500000,0.42956713459426926,0.03190237081561558,0.005879940173913757,0.4456255319148936,0.6054340425531914,0.6744808510638298,0.8039872340425532
jar__03593526__7a5aeda354f43cd5baf4ef477c70e0df__models__model_normalized.npz,235000,1500000,0.4365247047828392,0.054747072813882636,0.044413693612997934,0.20591489361702128,0.32596170212765957,0.3790978723404255,0.5703276595744681
jar__03593526__7a971531ff72a48d5706d1c54190f27a__models__model_normalized.npz,235000,1500000,0.32760544000814995,0.049188901277570564,0.03697055697362239,0.17640851063829788,0.32699148936170214,0.40252340425531913,0.6236510638297872
jar__03593526__7a9c65728f8baa6da706b53616da968b__models__model_normalized.npz,235000,1500000,0.23017079218961498,0.026494049022362954,0.022345898318330185,0.23121702127659574,0.4001872340425532,0.4842595744680851,0.8690042553191489
jar__03593526__7ac1b3847038de0e4b3c42e318f3affc__models__model_normalized.npz,235000,1500000,0.20853950064826415,0.03269556893519256,0.0189801517438776,0.19810212765957447,0.3281659574468085,0.5990425531914894,0.7924340425531915
jar__03593526__7b0b4571876644fcef76898f881b76a__models__model_normalized.npz,235000,1500000,0.28560941873613965,0.03156393955877038,0.021375555952007325,0.24193617021276595,0.3877617021276596,0.46962978723404253,0.8127531914893616
jar__03593526__7b6d5a7a902ca441529e78b4656a338__models__model_normalized.npz,235000,1500000,0.49205218194925526,0.0533980683539267,0.025678986158885232,0.2032468085106383,0.34561702127659577,0.4126085106382979,0.7335446808510638
jar__03593526__7b97f7b6ba604173fec8ec00010848b3__models__model_normalized.npz,235000,1500000,0.26168676209158664,0.038082604705531285,0.036158055511290754,0.1911531914893617,0.3588936170212766,0.4377404255319149,0.7755574468085107
jar__03593526__7bb71bbabeacfe9f27936e29850f1fad__models__model_normalized.npz,235000,1500000,0.26998687685983996,0.02977642138899037,0.0047572619625728535,0.512131914893617,0.6094297872340425,0.6669148936170213,0.7773531914893617
jar__03593526__7bcc0e91bd43908df4a06efdbafdd7ea__models__model_normalized.npz,235000,1500000,0.2292915950958147,0.0371145254575373,0.01407342454844077,0.3956808510638298,0.4630936170212766,0.5522382978723405,0.7018425531914894
jar__03593526__7becf46a6f6428404bf49568516d5f0e__models__model_normalized.npz,235000,1500000,0.15606336289113543,0.01542466174345831,0.005453333516053215,0.48082978723404257,0.577868085106383,0.8166425531914894,0.9091191489361702
jar__03593526__7bf1c516ca16d0c02367de4cd267ca0c__models__model_normalized.npz,235000,1500000,0.20713763388536105,0.020683822198334367,0.003987280756641565,0.5754170212765958,0.6842468085106383,0.7403021276595745,0.8427829787234042
jar__03593526__7c1303d3a19a1cef51f77a6d7299806__models__model_normalized.npz,235000,1500000,0.2098184735061502,0.056112635991793704,0.04119678190761717,0.27902978723404254,0.37925106382978724,0.428068085106383,0.5263404255319148
jar__03593526__7c8fcf46c9d543be3087f84b199fd297__models__model_normalized.npz,235000,1500000,0.35014242901302,0.023812952366621554,0.0050543971702552756,0.49627659574468086,0.6511446808510638,0.7166340425531915,0.832404255319149
jar__03593526__7d71fc51ce793a44befd8bfd61b07f5__models__model_normalized.npz,235000,1500000,0.4574751688336612,0.05123019598860743,0.019386267864797854,0.16391063829787234,0.31388936170212767,0.5116510638297872,0.7317063829787234
jar__03593526__7dcc9324c5c23029bc54d7012755d50c__models__model_normalized.npz,235000,1500000,0.145567347236337,0.01571218501486958,0.013048611611025048,0.39646382978723405,0.44120851063829786,0.7417361702127659,0.9446553191489362
jar__03593526__7de119e0eb48a11e3c8d0fdfb1cc2535__models__model_normalized.npz,235000,1500000,0.4774288118869686,0.07079929173229797,0.02994163329467845,0.1887191489361702,0.36411489361702126,0.4574808510638298,0.5696765957446809
jar__03593526__7def3eec9ddc24d7a1c637e821f12a67__models__model_normalized.npz,235000,1500000,0.37253500730586475,0.05425543791902394,0.03458811070512192,0.10297021276595744,0.212468085106383,0.2814893617021277,0.6321872340425532
jar__03593526__7def6a25e235f2deaf0245cb9d7ad8ee__models__model_normalized.npz,235000,1500000,0.16333472561849247,0.029924450609095047,0.017008031886607183,0.36487659574468084,0.46528085106382977,0.5102042553191489,0.783804255319149
jar__03593526__7e4eb671672af422276206fae5d3c473__models__model_normalized.npz,235000,1500000,0.221034719432511,0.0415762471674509,0.020899319837841213,0.3227744680851064,0.4323148936170213,0.4951531914893617,0.6418170212765958
jar__03593526__7f355d9510fbe2b02af07f81a2ca6736__models__model_normalized.npz,235000,1500000,0.2795824084924118,0.027473474682440904,0.004775595469037441,0.5137957446808511,0.626731914893617,0.6815787234042553,0.790204255319149
jar__03593526__7fe9e595c5eb7d04bb4fd842f8631c2b__models__model_normalized.npz,235000,1500000,0.6144227893931485,0.09835640262552993,0.06135021755094304,0.0932468085106383,0.19650212765957448,0.2528468085106383,0.3059659574468085
